{
  "controller/binary.controller.js.map": 1722880714058,
  "controller/binary.controller.js": 1722879009177,
  "model/models.js": 1722878856632,
  "controller/App.controller.js": 1722878856636,
  "manifest.json": 1722880713945,
  "Component.js": 1722878856624,
  "controller/binary-dbg.controller.js": 1722879009177,
  "i18n/i18n.properties": 1722878856628,
  "model/models-dbg.js": 1722878856632,
  "model/models.js.map": 1722880714055,
  "controller/App-dbg.controller.js": 1722878856636,
  "controller/App.controller.js.map": 1722880714053,
  "Component-dbg.js": 1722878856624,
  "Component.js.map": 1722880714056,
  "Component-preload.js": 1722880714123,
  "Component-preload.js.map": 1722880714123,
  "view/binary.view.xml": 1722880642923,
  "view/App.view.xml": 1722878856640,
  "css/style.css": 1722878856636,
  "index.html": 1722878856624
}